hour,dayofweek,is_weekend,avg_utilization,median_utilization,p25_utilization,p75_utilization,sample_count
0,0,0,0.1721015873015873,0.164,0.109,0.226,6300
0,1,0,0.17182222222222224,0.165,0.108,0.227,6300
0,2,0,0.17100809523809526,0.164,0.108,0.224,6300
0,3,0,0.17039809523809524,0.162,0.108,0.225,6300
0,4,0,0.17089126984126984,0.165,0.109,0.225,6300
0,5,1,0.1673831746031746,0.169,0.117,0.217,6300
0,6,1,0.16696777777777777,0.168,0.117,0.217,6300
1,0,0,0.12293079365079367,0.106,0.055,0.169,6300
1,1,0,0.12242269841269841,0.105,0.054,0.169,6300
1,2,0,0.12272126984126984,0.106,0.055,0.168,6300
1,3,0,0.12255031746031746,0.106,0.055,0.167,6300
1,4,0,0.12263968253968253,0.106,0.055,0.168,6300
1,5,1,0.11702952380952382,0.109,0.059,0.155,6300
1,6,1,0.11711761904761905,0.108,0.06,0.154,6300
2,0,0,0.08809015873015873,0.069,0.033,0.114,6300
2,1,0,0.0875895238095238,0.068,0.033,0.112,6300
2,2,0,0.08760952380952382,0.069,0.033,0.112,6300
2,3,0,0.0871847619047619,0.069,0.033,0.112,6300
2,4,0,0.08747412698412699,0.069,0.033,0.112,6300
2,5,1,0.08265095238095238,0.07,0.035,0.101,6300
2,6,1,0.08304555555555555,0.07,0.035,0.102,6300
3,0,0,0.07192301587301587,0.056,0.025,0.09,6300
3,1,0,0.0716579365079365,0.055,0.02475,0.09,6300
3,2,0,0.07142698412698413,0.055,0.024,0.09,6300
3,3,0,0.07148349206349207,0.055,0.025,0.09,6300
3,4,0,0.07135761904761904,0.055,0.024,0.089,6300
3,5,1,0.06762444444444445,0.057,0.024,0.082,6300
3,6,1,0.06742873015873016,0.0565,0.023,0.083,6300
4,0,0,0.07166857142857143,0.06,0.02475,0.09,6300
4,1,0,0.07137492063492064,0.061,0.025,0.09,6300
4,2,0,0.07096492063492063,0.06,0.024,0.09,6300
4,3,0,0.07076666666666666,0.06,0.02475,0.09,6300
4,4,0,0.07090412698412699,0.06,0.024,0.09,6300
4,5,1,0.0675273015873016,0.062,0.024,0.084,6300
4,6,1,0.06765,0.061,0.024,0.084,6300
5,0,0,0.09224222222222221,0.09,0.056,0.119,6300
5,1,0,0.09158301587301587,0.089,0.055,0.118,6300
5,2,0,0.09142619047619048,0.088,0.054,0.117,6300
5,3,0,0.09115063492063492,0.088,0.055,0.117,6300
5,4,0,0.09166809523809524,0.088,0.055,0.117,6300
5,5,1,0.0890673015873016,0.087,0.059,0.117,6300
5,6,1,0.08872904761904762,0.086,0.059,0.117,6300
6,0,0,0.15453460317460319,0.138,0.109,0.181,6300
6,1,0,0.15373539682539683,0.137,0.109,0.181,6300
6,2,0,0.15372095238095237,0.137,0.108,0.18,6300
6,3,0,0.15361968253968253,0.137,0.108,0.18,6300
6,4,0,0.15338698412698412,0.137,0.108,0.18,6300
6,5,1,0.14680142857142858,0.13,0.097,0.171,6300
6,6,1,0.1465515873015873,0.129,0.096,0.171,6300
7,0,0,0.30379253968253966,0.287,0.226,0.373,6300
7,1,0,0.301615873015873,0.286,0.225,0.371,6300
7,2,0,0.3009914285714286,0.281,0.224,0.368,6300
7,3,0,0.30079555555555554,0.283,0.224,0.37,6300
7,4,0,0.3014184126984127,0.285,0.224,0.37024999999999997,6300
7,5,1,0.27119444444444446,0.243,0.171,0.339,6300
7,6,1,0.27082222222222224,0.244,0.175,0.337,6300
8,0,0,0.471274126984127,0.454,0.362,0.583,6300
8,1,0,0.46662111111111115,0.449,0.36,0.581,6300
8,2,0,0.4648369841269841,0.447,0.355,0.575,6300
8,3,0,0.46553349206349204,0.446,0.36,0.577,6300
8,4,0,0.4658933333333334,0.447,0.36,0.575,6300
8,5,1,0.400514126984127,0.392,0.274,0.534,6300
8,6,1,0.39836,0.391,0.276,0.53125,6300
9,0,0,0.546365873015873,0.537,0.433,0.678,6300
9,1,0,0.5450779365079365,0.534,0.433,0.673,6300
9,2,0,0.5427896825396825,0.529,0.43,0.669,6300
9,3,0,0.5439985714285714,0.53,0.432,0.671,6300
9,4,0,0.5434930158730159,0.534,0.432,0.67225,6300
9,5,1,0.4656561904761905,0.481,0.348,0.62225,6300
9,6,1,0.4668174603174603,0.484,0.343,0.626,6300
10,0,0,0.6076506666666667,0.607,0.493,0.756,6000
10,1,0,0.6071452380952381,0.604,0.49,0.757,6300
10,2,0,0.6091295238095238,0.606,0.491,0.769,6300
10,3,0,0.606643492063492,0.607,0.492,0.756,6300
10,4,0,0.605795873015873,0.602,0.48575,0.76125,6300
10,5,1,0.5260873015873015,0.545,0.389,0.706,6300
10,6,1,0.5257236507936508,0.544,0.388,0.711,6300
11,0,0,0.6617098333333333,0.673,0.543,0.839,6000
11,1,0,0.6622411111111111,0.674,0.545,0.843,6300
11,2,0,0.6622215873015873,0.67,0.541,0.847,6300
11,3,0,0.6603109523809524,0.67,0.539,0.839,6300
11,4,0,0.6613168253968255,0.676,0.538,0.844,6300
11,5,1,0.5769417460317461,0.6014999999999999,0.426,0.79125,6300
11,6,1,0.5786193650793651,0.603,0.424,0.798,6300
12,0,0,0.6875455,0.708,0.571,0.879,6000
12,1,0,0.6869980952380952,0.7064999999999999,0.56975,0.876,6300
12,2,0,0.6829015873015872,0.703,0.564,0.866,6300
12,3,0,0.6851685714285715,0.704,0.569,0.872,6300
12,4,0,0.6862628571428572,0.705,0.566,0.87825,6300
12,5,1,0.6013085714285714,0.63,0.437,0.8422499999999999,6300
12,6,1,0.6011919047619048,0.632,0.439,0.843,6300
13,0,0,0.651694,0.6615,0.53,0.829,6000
13,1,0,0.6534384126984127,0.662,0.531,0.832,6300
13,2,0,0.6503922222222221,0.659,0.527,0.827,6300
13,3,0,0.6498968253968254,0.659,0.529,0.8212499999999999,6300
13,4,0,0.6506769841269842,0.657,0.52875,0.83,6300
13,5,1,0.5703079365079365,0.593,0.413,0.781,6300
13,6,1,0.5705963492063492,0.593,0.414,0.78725,6300
14,0,0,0.6185383333333333,0.622,0.497,0.777,6000
14,1,0,0.6186788888888889,0.62,0.497,0.779,6300
14,2,0,0.6184553968253967,0.62,0.5,0.773,6300
14,3,0,0.616381746031746,0.619,0.498,0.773,6300
14,4,0,0.6178430158730159,0.616,0.49575,0.779,6300
14,5,1,0.5392201587301587,0.555,0.39,0.735,6300
14,6,1,0.540302380952381,0.554,0.391,0.737,6300
15,0,0,0.6073081666666666,0.613,0.493,0.75,6000
15,1,0,0.6091014285714286,0.609,0.49675,0.753,6300
15,2,0,0.6083363492063492,0.608,0.497,0.755,6300
15,3,0,0.607361746031746,0.609,0.49575,0.751,6300
15,4,0,0.6098220634920635,0.614,0.497,0.752,6300
15,5,1,0.5333263492063492,0.547,0.385,0.728,6300
15,6,1,0.5344484126984127,0.55,0.382,0.728,6300
16,0,0,0.6174473333333333,0.6194999999999999,0.51,0.749,6000
16,1,0,0.6158995238095238,0.616,0.503,0.748,6300
16,2,0,0.6170671428571429,0.618,0.50675,0.752,6300
16,3,0,0.6156114285714286,0.617,0.503,0.749,6300
16,4,0,0.6176579365079365,0.62,0.508,0.748,6300
16,5,1,0.5531885714285715,0.571,0.407,0.748,6300
16,6,1,0.5511534920634921,0.573,0.40475000000000005,0.746,6300
17,0,0,0.6497766666666667,0.656,0.506,0.798,6000
17,1,0,0.6490444444444444,0.654,0.504,0.801,6300
17,2,0,0.6496888888888889,0.652,0.51,0.799,6300
17,3,0,0.6492263492063493,0.652,0.508,0.799,6300
17,4,0,0.649761746031746,0.652,0.508,0.80225,6300
17,5,1,0.6072031746031746,0.634,0.451,0.838,6300
17,6,1,0.6074265079365079,0.636,0.45,0.835,6300
18,0,0,0.6406761666666666,0.652,0.514,0.81,6000
18,1,0,0.6413168253968253,0.653,0.515,0.812,6300
18,2,0,0.6417496825396826,0.651,0.514,0.8132499999999999,6300
18,3,0,0.6418350793650794,0.652,0.519,0.811,6300
18,4,0,0.6418630158730159,0.652,0.515,0.812,6300
18,5,1,0.620467619047619,0.632,0.475,0.851,6300
18,6,1,0.6201612698412698,0.635,0.475,0.85225,6300
19,0,0,0.624843,0.638,0.501,0.812,6000
19,1,0,0.6230973015873016,0.633,0.5,0.81,6300
19,2,0,0.6227342857142857,0.633,0.501,0.806,6300
19,3,0,0.6233874603174603,0.631,0.499,0.813,6300
19,4,0,0.6209868253968254,0.636,0.499,0.8,6300
19,5,1,0.6095647619047618,0.621,0.464,0.836,6300
19,6,1,0.6091966666666666,0.62,0.467,0.832,6300
20,0,0,0.5478436666666666,0.549,0.413,0.719,6000
20,1,0,0.5454093650793651,0.545,0.413,0.714,6300
20,2,0,0.5453944444444445,0.542,0.413,0.713,6300
20,3,0,0.5467925396825397,0.543,0.415,0.7142499999999999,6300
20,4,0,0.5449511111111112,0.545,0.412,0.714,6300
20,5,1,0.541498888888889,0.539,0.384,0.73125,6300
20,6,1,0.5420473015873016,0.54,0.388,0.735,6300
21,0,0,0.45693950000000005,0.454,0.343,0.59,6000
21,1,0,0.4591688888888889,0.451,0.348,0.592,6300
21,2,0,0.4568261904761905,0.45,0.34575,0.5912499999999999,6300
21,3,0,0.458691746031746,0.454,0.347,0.589,6300
21,4,0,0.4587747619047619,0.451,0.346,0.593,6300
21,5,1,0.4605338095238095,0.452,0.327,0.614,6300
21,6,1,0.4588446031746032,0.452,0.328,0.61,6300
22,0,0,0.3366383333333333,0.333,0.265,0.422,6000
22,1,0,0.33461682539682536,0.3325,0.266,0.42,6300
22,2,0,0.33462555555555556,0.329,0.264,0.42,6300
22,3,0,0.3351126984126984,0.334,0.264,0.418,6300
22,4,0,0.3353312698412698,0.331,0.264,0.419,6300
22,5,1,0.3352357142857143,0.332,0.254,0.433,6300
22,6,1,0.3350914285714286,0.333,0.251,0.43425,6300
23,0,0,0.23977466666666666,0.236,0.187,0.299,6000
23,1,0,0.24040539682539683,0.235,0.187,0.29725,6300
23,2,0,0.24012031746031748,0.236,0.188,0.298,6300
23,3,0,0.23935777777777778,0.235,0.187,0.298,6300
23,4,0,0.2394842857142857,0.234,0.186,0.297,6300
23,5,1,0.23673111111111111,0.239,0.188,0.298,6300
23,6,1,0.2355984126984127,0.237,0.18775,0.29625,6300
